{"x":75.80000305175781,"y":311.17779541015625,"width":232.40000915527344,"height":78.80000305175781,"top":311.17779541015625,"right":308.20001220703125,"bottom":389.97779846191406,"left":75.80000305175781}