{"x":85.4000015258789,"y":355.8000183105469,"width":261.20001220703125,"height":88.4000015258789,"top":355.8000183105469,"right":346.60001373291016,"bottom":444.2000198364258,"left":85.4000015258789}